EDUCATIONORGANIZATIONCATEGORYDESCRIPTOR,GRADELEVELDESCRIPTOR,SCHOOLID,SCHOOLYEAR,LOCALEDUCATIONAGENCYID,SCHOOLYEAR,ADDRESSTYPEDESCRIPTOR,STATEABBREVIATIONDESCRIPTOR,CITY,POSTALCODE,STREETNUMBERNAME,LOCALEDESCRIPTOR,APARTMENTROOMSUITENUMBER,BUILDINGSITENUMBER,CONGRESSIONALDISTRICT,COUNTYFIPSCODE,DONOTPUBLISHINDICATOR,LATITUDE,LONGITUDE,NAMEOFCOUNTY,BEGINDATE,ENDDATE,ADMINISTRATIVEFUNDINGCONTROLDESCRIPTOR,CHARTERAPPROVALAGENCYTYPEDESCRIPTOR,CHARTERSTATUSDESCRIPTOR,EDUCATIONORGANIZATIONIDENTIFICATIONSYSTEMDESCRIPTOR,IDENTIFICATIONCODE,INDICATORDESCRIPTOR,INDICATORGROUPDESCRIPTOR,INDICATORLEVELDESCRIPTOR,DESIGNATEDBY,INDICATORVALUE,BEGINDATE,ENDDATE,INSTITUTIONTELEPHONENUMBERTYPEDESCRIPTOR,TELEPHONENUMBER,INTERNATIONALADDRESSES_ADDRESSTYPEDESCRIPTOR,INTERNATIONALADDRESSES_COUNTRYDESCRIPTOR,INTERNATIONALADDRESSES_ADDRESSLINE1,INTERNATIONALADDRESSES_ADDRESSLINE2,ADDRESSLINE3,ADDRESSLINE4,BEGINDATE,ENDDATE,INTERNATIONALADDRESSES_LATITUDE,INTERNATIONALADDRESSES_LONGITUDE,INTERNETACCESSDESCRIPTOR,MAGNETSPECIALPROGRAMEMPHASISSCHOOLDESCRIPTOR,NAMEOFINSTITUTION,OPERATIONALSTATUSDESCRIPTOR,SCHOOLCATEGORYDESCRIPTOR,SCHOOLTYPEDESCRIPTOR,SHORTNAMEOFINSTITUTION,TITLEIPARTASCHOOLDESIGNATIONDESCRIPTOR,WEBSITE,POSTSECONDARYINSTITUTIONID,TX_PKFULLDAYWAIVER,TX_ADDITIONALDAYSPROGRAM,TX_NUMBEROFBULLYINGINCIDENTS,TX_NUMBEROFCYBERBULLYINGINCIDENTS,TX_CAMPUSENROLLMENTTYPE,TX_BEGINDATE,TX_ENDDATE,TX_NSLPTYPE,TX_BEGINDATE,TX_ENDDATE,TX_NUMBERCHARTERSTUDENTSENROLLED,TX_CHARTEREDUCATIONALENROLLMENTCAPACITY,TX_CHARTERADMISSIONWAITLIST,TX_BEGINDATE,TX_ENDDATE,TX_ELOTYPE,TX_BEGINDATE,TX_ENDDATE,TX_ELOACTIVITY,TX_ELODAYSSCHEDULEDPERYEAR,TX_ELOMINUTESSCHEDULEDPERDAY
,09-Dec,2,2022,227901,2022,Campus,TX,Austin,78703,1715 W Cesar Chavez St,,,,,,N,30.272551,-97.766925,,,,,,,,,,,,,,,,Work,(512) 414-2505,,,,,,,,,,,,,Austin High,,,CAMPUS,Austin High,N,,,N,,,,,,,,,,,,,,,,,,,,
,09-Dec,4,2022,227901,2022,Campus,TX,Austin,78758,1201 Payton Gin Rd,,,,,,N,30.359683,-97.70739,,,,,,,,,,,,,,,,Work,(512) 414-2514,,,,,,,,,,,,,Navarro High,,,CAMPUS,Navarro High,Y,,,N,,,,,,,,,,,,,,,,,,,,
,09-Dec,5,2022,227901,2022,Campus,TX,Austin,78756,5600 Sunshine Dr,,,,,,N,30.327142,-97.730022,,,,,,,,,,,,,,,,Work,(512) 414-2519,,,,,,,,,,,,,McCallum High,,,CAMPUS,McCallum High,N,,,N,,,,,,,,,,,,,,,,,,,,
,09-Dec,6,2022,227901,2022,Campus,TX,Austin,78752,7104 Berkman Dr,,,,,,N,30.323644,-97.68963,,,,,,,,,,,,,,,,Work,(512) 414-2523,,,,,,,,,,,,,Northeast High,,,CAMPUS,Northeast High,Y,,,N,,,,,,,,,,,,,,,,,,,,
,09-Dec,7,2022,227901,2022,Campus,TX,Austin,78704,1211 E Oltorf St,,,,,,N,30.234663,-97.74396,,,,,,,,,,,,,,,,Work,(512) 414-2527,,,,,,,,,,,,,Travis High,,,CAMPUS,Travis High,Y,,,N,,,,,,,,,,,,,,,,,,,,
,09-Dec,8,2022,227901,2022,Campus,TX,Austin,78745,5601 Menchaca Rd ,,,,,,N,30.213188,-97.79712,,,,,,,,,,,,,,,,Work,(512) 414-2532,,,,,,,,,,,,,Crockett High,,,CAMPUS,Crockett High,N,,,N,,,,,,,,,,,,,,,,,,,,
,09-Dec,9,2022,227901,2022,Campus,TX,Austin,78759,8403 Mesa Dr,,,,,,N,30.374928,-97.752415,,,,,,,,,,,,,,,,Work,(512) 414-2538,,,,,,,,,,,,,Anderson High,,,CAMPUS,Anderson High,N,,,N,,,,,,,,,,,,,,,,,,,,
,06-Dec,12,2022,227901,2022,Campus,TX,Austin,78702,4900 Gonzales St,,,,,,N,,,,,,,,,,,,,,,,,,Work,(512) 414-2554,,,,,,,,,,,,,Alternative Learning Center,,,CAMPUS,Alternative Learning Center,N,,,,,,,,,,,,,,,,,,,,,,,
,09-Dec,13,2022,227901,2022,Campus,TX,Austin,78749,4103 W Slaughter Ln,,,,,,N,30.18836,-97.85849,,,,,,,,,,,,,,,,Work,(512) 414-5247,,,,,,,,,,,,,Bowie High,,,CAMPUS,Bowie High,N,,,N,,,,,,,,,,,,,,,,,,,,
,09-Dec,14,2022,227901,2022,Campus,TX,Austin,78724,7309 Lazy Creek Dr,,,,,,N,30.3124,-97.655811,,,,,,,,,,,,,,,,Work,(512) 414-2543,,,,,,,,,,,,,LBJ High,,,CAMPUS,LBJ High,Y,,,N,,,,,,,,,,,,,,,,,,,,
,09-Dec,15,2022,227901,2022,Campus,TX,Austin,78702,1600 Chicon St,,,,,,N,30.277711,-97.721271,,,,,,,,,,,,,,,,Work,(512) 414-8600,,,,,,,,,,,,,Garza Independence High,,,CAMPUS,Garza Independence High,N,,,,,,,,,,,,,,,,,,,,,,,
,09-Dec,17,2022,227901,2022,Campus,TX,Austin,78748,10701 S 1st St,,,,,,N,30.148789,-97.800975,,,,,,,,,,,,,,,,Work,(512) 841-9900,,,,,,,,,,,,,Akins High,,,CAMPUS,Akins High,N,,,N,,,,,,,,,,,,,,,,,,,,
,09-Dec,18,2022,227901,2022,Campus,TX,Austin,78721,1012 Arthur Stiles Rd,,,,,,N,30.3124,-97.655811,,,,,,,,,,,,,,,,Work,(512) 414-5272,,,,,,,,,,,,,LASA High,,,CAMPUS,LASA High,N,,,,,,,,,,,,,,,,,,,,,,,
,09-Dec,19,2022,227901,2022,Campus,TX,Austin,78702,900 Thompson St,,,,,,N,30.259249,-97.680739,,,,,,,,,,,,,,,,Work,(512) 414-5810,,,,,,,,,,,,,Eastside Early College High Schl,,,CAMPUS,Eastside Early College High Schl,Y,,,N,,,,,,,,,,,,,,,,,,,,
,EE-12,21,2022,227901,2022,Campus,TX,Austin,78702,900 Thompson St,,,,,,N,30.259249,-97.680739,,,,,,,,,,,,,,,,Work,(512) 414-5810,,,,,,,,,,,,,DO NOT USE,,,CAMPUS,DO NOT USE,N,,,,,,,,,,,,,,,,,,,,,,,
,09-Dec,23,2022,227901,2022,Campus,TX,Austin,78704,1211 E Oltorf St,,,,,,N,30.234663,-97.74396,,,,,,,,,,,,,,,,Work,(512) 414-6635,,,,,,,,,,,,,Graduation Preparatory Academy,,,CAMPUS,Graduation Preparatory Academy,N,,,N,,,,,,,,,,,,,,,,,,,,
,09-Dec,26,2022,227901,2022,Campus,TX,Austin,78758,1201 Payton Gin Rd,,,,,,N,30.359683,-97.70739,,,,,,,,,,,,,,,,Work,(512) 414-2896,,,,,,,,,,,,,Graduation Prep Academy at Navarro,,,CAMPUS,Graduation Prep Academy at Navarro,N,,,N,,,,,,,,,,,,,,,,,,,,
,06-Dec,27,2022,227901,2022,Campus,TX,Austin,78754,8011B Cameron Rd,,,,,,N,30.3360964,-97.68392128,,,,,,,,,,,,,,,,Work,(512) 650-2100,,,,,,,,,,,,,Travis County Day School,,,CAMPUS,Travis County Day School,N,,,,,,,,,,,,,,,,,,,,,,,
,06-Dec,28,2022,227901,2022,Campus,TX,Austin,78704,2309 Panther Trail,,,,,,N,30.23567899,-97.788641,,,,,,,,,,,,,,,,Work,(512) 414-3236,,,,,,,,,,,,,Richards Sch Young Women Leaders,,,CAMPUS,Richards Sch Young Women Leaders,N,,,,,,,,,,,,,,,,,,,,,,,
,09-Oct,29,2022,227901,2022,Campus,TX,Austin,78702,900 Thompson St,,,,,,N,30.259249,-97.680739,,,,,,,,,,,,,,,,Work,(512) 414-6817,,,,,,,,,,,,,International High,,,CAMPUS,International High,N,,,,,,,,,,,,,,,,,,,,,,,
,PK-12,30,2022,227901,2022,Campus,TX,Austin,78702,901 Neal St,,,,,,N,30.269331,-97.709045,,,,,,,,,,,,,,,,Work,(512) 854-5695,,,,,,,,,,,,,Travis County Juvenile Deten Ctr,,,CAMPUS,Travis County Juvenile Deten Ctr,N,,,,,,,,,,,,,,,,,,,,,,,
,06-Dec,31,2022,227901,2022,Campus,TX,Austin,78751,3908 Avenue B,,,,,,N,30.304119,-97.735832,,,,,,,,,,,,,,,,Work,(512) 414-0112,,,,,,,,,,,,,Virtual School Program,,,CAMPUS,Virtual School Program,N,,,,,,,,,,,,,,,,,,,,,,,
,06-Dec,32,2022,227901,2022,Campus,TX,Austin,78704,400 W Live Oak St,,,,,,N,30.243887,-97.755814,,,,,,,,,,,,,,,,Work,(512) 440-0613,,,,,,,,,,,,,Phoenix Academy,,,CAMPUS,Phoenix Academy,N,,,,,,,,,,,,,,,,,,,,,,,
,EE-12,33,2022,227901,2022,Campus,TX,Austin,78702,900 Chicon St,,,,,,N,30.264681,-97.722331,,,,,,,,,,,,,,,,Work,(512) 505-3058,,,,,,,,,,,,,H. T.,,,CAMPUS,H. T.,N,,,N,,,,,,,,,,,,,,,,,,,,
,06-Dec,35,2022,227901,2022,Campus,TX,Austin,78702,901 Neal St,,,,,,N,30.269331,-97.709045,,,,,,,,,,,,,,,,Work,(512) 854-7077,,,,,,,,,,,,,Leadership Academy,,,CAMPUS,Leadership Academy,N,,,,,,,,,,,,,,,,,,,,,,,
,KG-12,36,2022,227901,2022,Campus,TX,Austin,78702,4900 Gonzales St,,,,,,N,30.25668,-97.697033,,,,,,,,,,,,,,,,Work,(512) 414-2554,,,,,,,,,,,,,JJAEP (Juvenile Justice Educ Pro,,,CAMPUS,JJAEP (Juvenile Justice Educ Pro,N,,,N,,,,,,,,,,,,,,,,,,,,
,06-Aug,43,2022,227901,2022,Campus,TX,Austin,78704,201 E Mary St,,,,,,N,30.243927,-97.750467,,,,,,,,,,,,,,,,Work,(512) 414-3207,,,,,,,,,,,,,Lively Middle,,,CAMPUS,Lively Middle,Y,,,N,,,,,,,,,,,,,,,,,,,,
,06-Aug,44,2022,227901,2022,Campus,TX,Austin,78702,1607 Pennsylvania Ave,,,,,,N,30.270937,-97.721778,,,,,,,,,,,,,,,,Work,(512) 414-3214,,,,,,,,,,,,,Kealing Middle,,,CAMPUS,Kealing Middle,N,,,N,,,,,,,,,,,,,,,,,,,,
,06-Aug,45,2022,227901,2022,Campus,TX,Austin,78757,6201 Wynona Ave,,,,,,N,30.337408,-97.740517,,,,,,,,,,,,,,,,Work,(512) 414-3217,,,,,,,,,,,,,Lamar Middle,,,CAMPUS,Lamar Middle,N,,,N,,,,,,,,,,,,,,,,,,,,
,06-Aug,46,2022,227901,2022,Campus,TX,Austin,78757,8401 Hathaway Dr,,,,,,N,30.364779,-97.724999,,,,,,,,,,,,,,,,Work,(512) 414-3225,,,,,,,,,,,,,Burnet Middle,,,CAMPUS,Burnet Middle,Y,,,N,,,,,,,,,,,,,,,,,,,,
,06-Aug,47,2022,227901,2022,Campus,TX,Austin,78703,2610 W 10th St,,,,,,N,30.28598,-97.773589,,,,,,,,,,,,,,,,Work,(512) 414-3229,,,,,,,,,,,,,O. Henry Middle,,,CAMPUS,O. Henry Middle,N,,,N,,,,,,,,,,,,,,,,,,,,
,06-Aug,48,2015,227901,2015,Campus,TX,Austin,78723,6401 N Hampton Dr,,,,,,N,30.313106,-97.68046,,,,,,,,,,,,,,,,Work,(512) 414-3234,,,,,,,,,,,,,Pearce Middle School,,,CAMPUS,Pearce Middle School,Y,,,,,,,,,,,,,,,,,,,,,,,
,06-Aug,49,2022,227901,2022,Campus,TX,Austin,78704,2206 Prather Ln,,,,,,Y,30.23567899,-97.788641,,,,,,,,,,,,,,,,Work,(512) 414-3236,,,,,,,,,,,,,Porter Middle School,,,CAMPUS,Porter Middle School,Y,,,,,,,,,,,,,,,,,,,,,,,
,06-Aug,51,2022,227901,2022,Campus,TX,Austin,78702,1601 Haskell St,,,,,,N,30.252694,-97.730149,,,,,,,,,,,,,,,,Work,(512) 414-3243,,,,,,,,,,,,,Martin Middle,,,CAMPUS,Martin Middle,Y,,,N,,,,,,,,,,,,,,,,,,,,
,06-Aug,52,2022,227901,2022,Campus,TX,Austin,78731,3700 N Hills Dr,,,,,,N,30.354102,-97.758357,,,,,,,,,,,,,,,,Work,(512) 414-3254,,,,,,,,,,,,,Murchison Middle,,,CAMPUS,Murchison Middle,N,,,N,,,,,,,,,,,,,,,,,,,,
,06-Aug,53,2022,227901,2022,Campus,TX,Austin,78752,601 E Saint Johns Ave,,,,,,N,30.332413,-97.707407,,,,,,,,,,,,,,,,Work,(512) 414-3258,,,,,,,,,,,,,Webb Middle,,,CAMPUS,Webb Middle,Y,,,N,,,,,,,,,,,,,,,,,,,,
,06-Aug,54,2022,227901,2022,Campus,TX,Austin,78745,6800 Bill Hughes Rd,,,,,,N,30.195095,-97.787326,,,,,,,,,,,,,,,,Work,(512) 414-3265,,,,,,,,,,,,,Bedichek Middle,,,CAMPUS,Bedichek Middle,Y,,,N,,,,,,,,,,,,,,,,,,,,
,06-Aug,55,2022,227901,2022,Campus,TX,Austin,78753,1200 E Rundberg Ln,,,,,,N,30.354549,-97.679377,,,,,,,,,,,,,,,,Work,(512) 414-3270,,,,,,,,,,,,,Dobie Middle,,,CAMPUS,Dobie Middle,Y,,,N,,,,,,,,,,,,,,,,,,,,
,06-Aug,56,2014,227901,2014,Campus,TX,Austin,78724,7414 Johnny Morris Rd,,,,,,N,30.310717,-97.643562,,,,,,,,,,,,,,,,Work,(512) 841-9400,,,,,,,,,,,,,Garcia Middle School,,,CAMPUS,Garcia Middle School,Y,,,,,,,,,,,,,,,,,,,,,,,
,06-Aug,57,2022,227901,2022,Campus,TX,Austin,78749,3700 Convict Hill Rd,,,,,,N,30.213128,-97.834595,,,,,,,,,,,,,,,,Work,(512) 414-3276,,,,,,,,,,,,,Covington Middle,,,CAMPUS,Covington Middle,N,,,N,,,,,,,,,,,,,,,,,,,,
,06-Aug,58,2022,227901,2022,Campus,TX,Austin,78744,5106 Village Square Dr,,,,,,N,30.189253,-97.743436,,,,,,,,,,,,,,,,Work,(512) 414-3284,,,,,,,,,,,,,Mendez Middle,,,CAMPUS,Mendez Middle,Y,,,N,,,,,,,,,,,,,,,,,,,,
,06-Aug,59,2022,227901,2022,Campus,TX,Austin,78739,4020 Lost Oasis Holw,,,,,,N,30.164987,-97.872164,,,,,,,,,,,,,,,,Work,(512) 414-4990,,,,,,,,,,,,,Bailey Middle,,,CAMPUS,Bailey Middle,N,,,N,,,,,,,,,,,,,,,,,,,,
,06-Aug,60,2022,227901,2022,Campus,TX,Austin,78749,4801 Monterey Oaks Blvd,,,,,,N,30.233029,-97.840972,,,,,,,,,,,,,,,,Work,(512) 841-6700,,,,,,,,,,,,,Small Middle,,,CAMPUS,Small Middle,N,,,N,,,,,,,,,,,,,,,,,,,,
,06-Aug,61,2022,227901,2022,Campus,TX,Austin,78748,10100 S Mary Moore Searight Dr,,,,,,N,30.173941,-97.807542,,,,,,,,,,,,,,,,Work,(512) 841-6800,,,,,,,,,,,,,Paredes Middle,,,CAMPUS,Paredes Middle,N,,,N,,,,,,,,,,,,,,,,,,,,
,06-Aug,62,2022,227901,2022,Campus,TX,Austin,78749,7412 W Slaughter Ln,,,,,,N,30.217581,-97.892458,,,,,,,,,,,,,,,,Work,(512) 841-8600,,,,,,,,,,,,,Gorzycki Middle,,,CAMPUS,Gorzycki Middle,N,,,N,,,,,,,,,,,,,,,,,,,,
,06-Aug,64,2022,227901,2022,Campus,TX,Austin,78724,7414 Johnny Morris Rd,,,,,,N,30.310717,-97.643562,,,,,,,,,,,,,,,,Work,(512) 841-9400,,,,,,,,,,,,,Garcia YMLA,,,CAMPUS,Garcia YMLA,Y,,,N,,,,,,,,,,,,,,,,,,,,
,06-Aug,65,2022,227901,2022,Campus,TX,Austin,78723,6401 N Hampton Dr,,,,,,N,30.313106,-97.68046,,,,,,,,,,,,,,,,Work,(512) 414-3234,,,,,,,,,,,,,Sadler Means YWLA,,,CAMPUS,Sadler Means YWLA,Y,,,N,,,,,,,,,,,,,,,,,,,,
,EE-5,101,2022,227901,2022,Campus,TX,Austin,78741,515 Vargas Rd,,,,,,N,30.235879,-97.690822,,,,,,,,,,,,,,,,Work,(512) 414-2004,,,,,,,,,,,,,Allison Elementary,,,CAMPUS,Allison Elementary,Y,,,Y,,,,,,,,,,,,,,,,,,,,
,EE-5,102,2022,227901,2022,Campus,TX,Austin,78723,6801 Northeast Dr,,,,,,N,30.317553,-97.679663,,,,,,,,,,,,,,,,Work,(512) 414-1770,,,,,,,,,,,,,Andrews Elementary,,,CAMPUS,Andrews Elementary,Y,,,Y,,,,,,,,,,,,,,,,,,,,
,EE-6,103,2022,227901,2022,Campus,TX,Austin,78704,2108 Barton Hills Dr,,,,,,N,30.25509,-97.783074,,,,,,,,,,,,,,,,Work,(512) 414-2013,,,,,,,,,,,,,Barton Hills Elementary,,,CAMPUS,Barton Hills Elementary,N,,,N,,,,,,,,,,,,,,,,,,,,
,EE-5,104,2022,227901,2022,Campus,TX,Austin,78704,906 W Milton St,,,,,,N,30.2506,-97.75967,,,,,,,,,,,,,,,,Work,(512) 414-2019,,,,,,,,,,,,,Becker Elementary,,,CAMPUS,Becker Elementary,N,,,Y,,,,,,,,,,,,,,,,,,,,
,EE-5,105,2022,227901,2022,Campus,TX,Austin,78702,1712 E 11th St,,,,,,N,30.267256,-97.722194,,,,,,,,,,,,,,,,Work,(512) 414-2021,,,,,,,,,,,,,Blackshear Elementary,,,CAMPUS,Blackshear Elementary,Y,,,Y,,,,,,,,,,,,,,,,,,,,
,EE-5,106,2022,227901,2022,Campus,TX,Austin,78723,5408 Westminster Dr,,,,,,N,30.306525,-97.690064,,,,,,,,,,,,,,,,Work,(512) 414-2026,,,,,,,,,,,,,Blanton Elementary,,,CAMPUS,Blanton Elementary,N,,,Y,,,,,,,,,,,,,,,,,,,,
,EE-5,107,2022,227901,2022,Campus,TX,Austin,78757,6700 Arroyo Seco,,,,,,N,30.340004,-97.731763,,,,,,,,,,,,,,,,Work,(512) 414-2039,,,,,,,,,,,,,Brentwood Elementary,,,CAMPUS,Brentwood Elementary,N,,,Y,,,,,,,,,,,,,,,,,,,,
,EE-5,109,2022,227901,2022,Campus,TX,Austin,78752,7801 Guadalupe St,,,,,,N,,,,,,,,,,,,,,,,,,Work,(512) 414-2047,,,,,,,,,,,,,Brown Elementary,,,CAMPUS,Brown Elementary,Y,,,Y,,,,,,,,,,,,,,,,,,,,
,EE-5,110,2022,227901,2022,Campus,TX,Austin,78703,3309 Kerbey Ln,,,,,,N,30.304869,-97.750627,,,,,,,,,,,,,,,,Work,(512) 414-2054,,,,,,,,,,,,,Bryker Woods Elementary,,,CAMPUS,Bryker Woods Elementary,N,,,N,,,,,,,,,,,,,,,,,,,,
,EE-5,111,2022,227901,2022,Campus,TX,Austin,78722,2613 Rogers Ave,,,,,,N,30.282291,-97.713342,,,,,,,,,,,,,,,,Work,(512) 841-8800,,,,,,,,,,,,,Campbell Elementary,,,CAMPUS,Campbell Elementary,Y,,,Y,,,,,,,,,,,,,,,,,,,,
,EE-5,112,2022,227901,2022,Campus,TX,Austin,78703,2710 Exposition Blvd,,,,,,N,30.303796,-97.764925,,,,,,,,,,,,,,,,Work,(512) 414-2062,,,,,,,,,,,,,Casis Elementary,,,CAMPUS,Casis Elementary,N,,,Y,,,,,,,,,,,,,,,,,,,,
,EE-5,113,2022,227901,2022,Campus,TX,Austin,78745,2200 Berkeley Ave,,,,,,N,30.210476,-97.805811,,,,,,,,,,,,,,,,Work,(512) 414-2067,,,,,,,,,,,,,Cunningham Elementary,,,CAMPUS,Cunningham Elementary,N,,,Y,,,,,,,,,,,,,,,,,,,,
,EE-5,114,2022,227901,2022,Campus,TX,Austin,78704,3001 S 1st St,,,,,,N,30.234063,-97.763364,,,,,,,,,,,,,,,,Work,(512) 414-2070,,,,,,,,,,,,,Dawson Elementary,,,CAMPUS,Dawson Elementary,N,,,Y,,,,,,,,,,,,,,,,,,,,
,PK-6,115,2022,227901,2022,Campus,TX,Austin,78704,906 W Milton St,,,,,,N,30.2506,-97.75967,,,,,,,,,,,,,,,,Work,(512) 414-2074,,,,,,,,,,,,,EDAEP,,,CAMPUS,EDAEP,N,,,,,,,,,,,,,,,,,,,,,,,
,EE-5,116,2022,227901,2022,Campus,TX,Austin,78702,3601 Govalle Ave,,,,,,N,30.263261,-97.698558,,,,,,,,,,,,,,,,Work,(512) 414-2078,,,,,,,,,,,,,Govalle Elementary,,,CAMPUS,Govalle Elementary,Y,,,Y,,,,,,,,,,,,,,,,,,,,
,EE-5,117,2022,227901,2022,Campus,TX,Austin,78757,6310 Treadwell Blvd,,,,,,N,30.343558,-97.748693,,,,,,,,,,,,,,,,Work,(512) 414-2082,,,,,,,,,,,,,Gullett Elementary,,,CAMPUS,Gullett Elementary,N,,,Y,,,,,,,,,,,,,,,,,,,,
,EE-5,118,2022,227901,2022,Campus,TX,Austin,78723,1711 Wheless Ln,,,,,,N,30.314548,-97.691219,,,,,,,,,,,,,,,,Work,(512) 414-2085,,,,,,,,,,,,,Harris Elementary,,,CAMPUS,Harris Elementary,Y,,,Y,,,,,,,,,,,,,,,,,,,,
,EE-5,119,2022,227901,2022,Campus,TX,Austin,78731,4900 Fairview Dr,,,,,,N,30.330412,-97.760209,,,,,,,,,,,,,,,,Work,(512) 414-2090,,,,,,,,,,,,,Highland Park Elementary,,,CAMPUS,Highland Park Elementary,N,,,N,,,,,,,,,,,,,,,,,,,,
,EE-6,121,2022,227901,2022,Campus,TX,Austin,78705,3308 Hampton Rd,,,,,,N,30.293535,-97.727807,,,,,,,,,,,,,,,,Work,(512) 414-2098,,,,,,,,,,,,,Lee Elementary,,,CAMPUS,Lee Elementary,N,,,,,,,,,,,,,,,,,,,,,,,
,EE-5,122,2022,227901,2022,Campus,TX,Austin,78722,3808 Maplewood Ave,,,,,,N,30.293337,-97.714901,,,,,,,,,,,,,,,,Work,(512) 414-4402,,,,,,,,,,,,,Maplewood Elementary,,,CAMPUS,Maplewood Elementary,N,,,Y,,,,,,,,,,,,,,,,,,,,
,EE-6,123,2022,227901,2022,Campus,TX,Austin,78703,906 W Lynn St,,,,,,N,30.278216,-97.760795,,,,,,,,,,,,,,,,Work,(512) 414-4406,,,,,,,,,,,,,Mathews Elementary,,,CAMPUS,Mathews Elementary,N,,,Y,,,,,,,,,,,,,,,,,,,,
,EE-5,124,2022,227901,2022,Campus,TX,Austin,78702,84 Robert T Martinez Jr St,,,,,,N,30.254569,-97.722017,,,,,,,,,,,,,,,,Work,(512) 414-4408,,,,,,,,,,,,,Metz Elementary,,,CAMPUS,Metz Elementary,Y,,,Y,,,,,,,,,,,,,,,,,,,,
,EE-5,125,2022,227901,2022,Campus,TX,Austin,78702,3601 Webberville Rd,,,,,,N,30.271751,-97.703905,,,,,,,,,,,,,,,,Work,(512) 414-4413,,,,,,,,,,,,,Oak Springs Elementary,,,CAMPUS,Oak Springs Elementary,Y,,,Y,,,,,,,,,,,,,,,,,,,,
,EE-5,126,2022,227901,2022,Campus,TX,Austin,78721,1135 Garland Ave,,,,,,N,30.269893,-97.684597,,,,,,,,,,,,,,,,Work,(512) 414-4417,,,,,,,,,,,,,Ortega Elementary,,,CAMPUS,Ortega Elementary,Y,,,Y,,,,,,,,,,,,,,,,,,,,
,EE-5,127,2022,227901,2022,Campus,TX,Austin,78702,73 San Marcos St,,,,,,N,30.257564,-97.73483,,,,,,,,,,,,,,,,Work,(512) 414-4423,,,,,,,,,,,,,Sanchez Elementary,,,CAMPUS,Sanchez Elementary,Y,,,Y,,,,,,,,,,,,,,,,,,,,
,EE-5,129,2022,227901,2022,Campus,TX,Austin,78723,3100 Rogge Ln,,,,,,N,30.30317,-97.676195,,,,,,,,,,,,,,,,Work,(512) 414-4445,,,,,,,,,,,,,Pecan Springs Elementary,,,CAMPUS,Pecan Springs Elementary,Y,,,Y,,,,,,,,,,,,,,,,,,,,
,EE-5,130,2022,227901,2022,Campus,TX,Austin,78745,6405 Circle S Rd,,,,,,N,30.196079,-97.775643,,,,,,,,,,,,,,,,Work,(512) 414-4453,,,,,,,,,,,,,Pleasant Hill Elementary,,,CAMPUS,Pleasant Hill Elementary,Y,,,Y,,,,,,,,,,,,,,,,,,,,
,EE-5,132,2022,227901,2022,Campus,TX,Austin,78752,405 Denson Dr,,,,,,N,30.328073,-97.720136,,,,,,,,,,,,,,,,Work,(512) 414-4464,,,,,,,,,,,,,Reilly Elementary,,,CAMPUS,Reilly Elementary,Y,,,Y,,,,,,,,,,,,,,,,,,,,
,EE-5,133,2022,227901,2022,Campus,TX,Austin,78751,5005 Caswell Ave,,,,,,N,30.311267,-97.716459,,,,,,,,,,,,,,,,Work,(512) 414-4469,,,,,,,,,,,,,Ridgetop Elementary,,,CAMPUS,Ridgetop Elementary,N,,,Y,,,,,,,,,,,,,,,,,,,,
,EE-5,136,2022,227901,2022,Campus,TX,Austin,78745,600 W Saint Elmo Rd,,,,,,N,30.222282,-97.773501,,,,,,,,,,,,,,,,Work,(512) 414-4477,,,,,,,,,,,,,St Elmo Elementary,,,CAMPUS,St Elmo Elementary,Y,,,Y,,,,,,,,,,,,,,,,,,,,
,EE-5,138,2022,227901,2022,Campus,TX,Austin,78727,12207 Brigadoon Ln,,,,,,N,30.418989,-97.718641,,,,,,,,,,,,,,,,Work,(512) 414-4484,,,,,,,,,,,,,Summitt Elementary,,,CAMPUS,Summitt Elementary,N,,,Y,,,,,,,,,,,,,,,,,,,,
,EE-5,140,2022,227901,2022,Campus,TX,Austin,78704,2010 Alameda Dr,,,,,,N,30.24129,-97.745999,,,,,,,,,,,,,,,,Work,(512) 414-4495,,,,,,,,,,,,,Travis Heights Elementary,,,CAMPUS,Travis Heights Elementary,Y,,,Y,,,,,,,,,,,,,,,,,,,,
,EE-5,141,2022,227901,2022,Campus,TX,Austin,78753,401 W Braker Ln,,,,,,N,30.379732,-97.68408,,,,,,,,,,,,,,,,Work,(512) 414-4499,,,,,,,,,,,,,Walnut Creek Elementary,,,CAMPUS,Walnut Creek Elementary,Y,,,Y,,,,,,,,,,,,,,,,,,,,
,EE-5,143,2022,227901,2022,Campus,TX,Austin,78749,6001 Westcreek Dr,,,,,,N,30.233367,-97.84348,,,,,,,,,,,,,,,,Work,(512) 414-1780,,,,,,,,,,,,,Patton Elementary,,,CAMPUS,Patton Elementary,N,,,Y,,,,,,,,,,,,,,,,,,,,
,EE-5,144,2022,227901,2022,Campus,TX,Austin,78757,1406 Dale Dr,,,,,,N,30.354004,-97.719286,,,,,,,,,,,,,,,,Work,(512) 414-2315,,,,,,,,,,,,,Wooten Elementary,,,CAMPUS,Wooten Elementary,Y,,,Y,,,,,,,,,,,,,,,,,,,,
,EE-5,145,2022,227901,2022,Campus,TX,Austin,78702,310 Robert T Martinez Jr St,,,,,,N,30.258402,-97.720692,,,,,,,,,,,,,,,,Work,(512) 414-2318,,,,,,,,,,,,,Zavala Elementary,,,CAMPUS,Zavala Elementary,Y,,,Y,,,,,,,,,,,,,,,,,,,,
,EE-5,146,2022,227901,2022,Campus,TX,Austin,78704,1900 Bluebonnet Ln,,,,,,N,30.252728,-97.774652,,,,,,,,,,,,,,,,Work,(512) 414-2327,,,,,,,,,,,,,Zilker Elementary,,,CAMPUS,Zilker Elementary,N,,,Y,,,,,,,,,,,,,,,,,,,,
,EE-5,147,2022,227901,2022,Campus,TX,Manchaca,78652,1218 W FM 1626,,,,,,N,30.14137201,-97.83496098,,,,,,,,,,,,,,,,Work,(512) 414-2333,,,,,,,,,,,,,Menchaca Elementary,,,CAMPUS,Menchaca Elementary,N,,,Y,,,,,,,,,,,,,,,,,,,,
,EE-5,148,2022,227901,2022,Campus,TX,Austin,78735,6101 Patton Ranch Rd,,,,,,N,30.237738,-97.85805,,,,,,,,,,,,,,,,Work,(512) 414-2336,,,,,,,,,,,,,Oak Hill Elementary,,,CAMPUS,Oak Hill Elementary,N,,,Y,,,,,,,,,,,,,,,,,,,,
,EE-5,149,2022,227901,2022,Campus,TX,Austin,78753,400 Cooper Dr,,,,,,N,30.361234,-97.695886,,,,,,,,,,,,,,,,Work,(512) 414-2008,,,,,,,,,,,,,Barrington Elementary,,,CAMPUS,Barrington Elementary,Y,,,Y,,,,,,,,,,,,,,,,,,,,
,EE-5,150,2022,227901,2022,Campus,TX,Austin,78721,1203 Springdale Rd,,,,,,N,30.27941,-97.685403,,,,,,,,,,,,,,,,Work,(512) 414-2347,,,,,,,,,,,,,Norman-Sims Elementary,,,CAMPUS,Norman-Sims Elementary,Y,,,Y,,,,,,,,,,,,,,,,,,,,
,EE-5,151,2022,227901,2022,Campus,TX,Austin,78757,3025 Crosscreek Dr,,,,,,N,30.368911,-97.733521,,,,,,,,,,,,,,,,Work,(512) 414-2350,,,,,,,,,,,,,Pillow Elementary,,,CAMPUS,Pillow Elementary,Y,,,Y,,,,,,,,,,,,,,,,,,,,
,EE-5,152,2022,227901,2022,Campus,TX,Austin,78758,1412 Norseman Ter,,,,,,N,30.364811,-97.709163,,,,,,,,,,,,,,,,Work,(512) 414-2353,,,,,,,,,,,,,Wooldridge Elementary,,,CAMPUS,Wooldridge Elementary,Y,,,Y,,,,,,,,,,,,,,,,,,,,
,EE-5,154,2022,227901,2022,Campus,TX,Austin,78757,2608 Richcreek Rd,,,,,,N,30.352764,-97.736675,,,,,,,,,,,,,,,,Work,(512) 414-2365,,,,,,,,,,,,,Doss Elementary,,,CAMPUS,Doss Elementary,N,,,Y,,,,,,,,,,,,,,,,,,,,
,EE-5,155,2022,227901,2022,Campus,TX,Austin,78759,8601 Tallwood Dr,,,,,,N,30.376358,-97.748581,,,,,,,,,,,,,,,,Work,(512) 414-2369,,,,,,,,,,,,,Hill Elementary,,,CAMPUS,Hill Elementary,N,,,Y,,,,,,,,,,,,,,,,,,,,
,EE-5,156,2022,227901,2022,Campus,TX,Austin,78745,1010 Turtle Creek Blvd,,,,,,N,30.205619,-97.788778,,,,,,,,,,,,,,,,Work,(512) 414-2388,,,,,,,,,,,,,Odom Elementary,,,CAMPUS,Odom Elementary,Y,,,Y,,,,,,,,,,,,,,,,,,,,
,EE-5,157,2022,227901,2022,Campus,TX,Austin,78723,3500 Susquehanna Ln,,,,,,N,30.314803,-97.665211,,,,,,,,,,,,,,,,Work,(512) 414-2390,,,,,,,,,,,,,Winn Elementary,,,CAMPUS,Winn Elementary,Y,,,Y,,,,,,,,,,,,,,,,,,,,
,EE-5,158,2022,227901,2022,Campus,TX,Austin,78745,3000 Jones Rd,,,,,,N,30.2283,-97.806465,,,,,,,,,,,,,,,,Work,(512) 414-2392,,,,,,,,,,,,,Sunset Valley Elementary,,,CAMPUS,Sunset Valley Elementary,N,,,Y,,,,,,,,,,,,,,,,,,,,
,EE-5,159,2022,227901,2022,Campus,TX,Austin,78753,11211 Tom Adams Dr,,,,,,N,30.372361,-97.668859,,,,,,,,,,,,,,,,Work,(512) 414-2395,,,,,,,,,,,,,Graham Elementary,,,CAMPUS,Graham Elementary,Y,,,Y,,,,,,,,,,,,,,,,,,,,
,EE-5,160,2022,227901,2022,Campus,TX,Austin,78741,2800 Metcalfe Rd,,,,,,N,30.224532,-97.737915,,,,,,,,,,,,,,,,Work,(512) 414-2398,,,,,,,,,,,,,Linder Elementary,,,CAMPUS,Linder Elementary,Y,,,,,,,,,,,,,,,,,,,,,,,
,EE-5,161,2022,227901,2022,Campus,TX,Austin,78758,1511 Cripple Creek Dr,,,,,,N,30.377629,-97.704809,,,,,,,,,,,,,,,,Work,(512) 414-2510,,,,,,,,,,,,,Cook Elementary,,,CAMPUS,Cook Elementary,Y,,,Y,,,,,,,,,,,,,,,,,,,,
,EE-5,162,2022,227901,2022,Campus,TX,Austin,78744,5409 Ponciana Dr,,,,,,N,30.196908,-97.755182,,,,,,,,,,,,,,,,Work,(512) 414-2517,,,,,,,,,,,,,Houston Elementary,,,CAMPUS,Houston Elementary,Y,,,Y,,,,,,,,,,,,,,,,,,,,
,EE-5,163,2022,227901,2022,Campus,TX,Austin,78753,8301 Furness Dr,,,,,,N,30.342466,-97.688007,,,,,,,,,,,,,,,,Work,(512) 841-2100,,,,,,,,,,,,,Hart Elementary,,,CAMPUS,Hart Elementary,Y,,,Y,,,,,,,,,,,,,,,,,,,,
,EE-5,164,2022,227901,2022,Campus,TX,Austin,78752,1101 Wheatley Ave,,,,,,N,30.332763,-97.694027,,,,,,,,,,,,,,,,Work,(512) 841-8400,,,,,,,,,,,,,Pickle Elementary,,,CAMPUS,Pickle Elementary,Y,,,Y,,,,,,,,,,,,,,,,,,,,
,EE-5,165,2022,227901,2022,Campus,TX,Austin,78758,1001 W Braker Ln,,,,,,N,30.382992,-97.690427,,,,,,,,,,,,,,,,Work,(512) 841-2500,,,,,,,,,,,,,McBee Elementary,,,CAMPUS,McBee Elementary,Y,,,Y,,,,,,,,,,,,,,,,,,,,
,EE-5,166,2022,227901,2022,Campus,TX,Austin,78748,500 Mairo St,,,,,,N,30.181438,-97.79151,,,,,,,,,,,,,,,,Work,(512) 414-2525,,,,,,,,,,,,,Williams Elementary,,,CAMPUS,Williams Elementary,Y,,,Y,,,,,,,,,,,,,,,,,,,,
,EE-5,168,2022,227901,2022,Campus,TX,Austin,78744,2206 Blue Meadow Dr,,,,,,N,30.182109,-97.762933,,,,,,,,,,,,,,,,Work,(512) 414-1765,,,,,,,,,,,,,Langford Elementary,,,CAMPUS,Langford Elementary,Y,,,Y,,,,,,,,,,,,,,,,,,,,
,EE-5,170,2022,227901,2022,Campus,TX,Austin,78749,8101 Croftwood Dr,,,,,,N,30.2037,-97.839808,,,,,,,,,,,,,,,,Work,(512) 414-2537,,,,,,,,,,,,,Boone Elementary,,,CAMPUS,Boone Elementary,N,,,Y,,,,,,,,,,,,,,,,,,,,
,EE-5,171,2022,227901,2022,Campus,TX,Austin,78744,7601 Dixie Dr,,,,,,N,30.165058,-97.743341,,,,,,,,,,,,,,,,Work,(512) 414-2545,,,,,,,,,,,,,Palm Elementary,,,CAMPUS,Palm Elementary,Y,,,Y,,,,,,,,,,,,,,,,,,,,
,EE-5,172,2022,227901,2022,Campus,TX,Austin,78748,9800 Curlew Dr,,,,,,N,30.177745,-97.835249,,,,,,,,,,,,,,,,Work,(512) 414-2547,,,,,,,,,,,,,Kocurek Elementary,,,CAMPUS,Kocurek Elementary,Y,,,Y,,,,,,,,,,,,,,,,,,,,
,EE-5,173,2022,227901,2022,Campus,TX,Austin,78748,9400 Texas Oaks Dr,,,,,,N,30.174618,-97.814794,,,,,,,,,,,,,,,,Work,(512) 841-6900,,,,,,,,,,,,,Casey Elementary,,,CAMPUS,Casey Elementary,N,,,Y,,,,,,,,,,,,,,,,,,,,
,EE-5,174,2022,227901,2022,Campus,TX,Austin,78744,4400 Franklin Park Dr,,,,,,N,30.200321,-97.746655,,,,,,,,,,,,,,,,Work,(512) 841-7200,,,,,,,,,,,,,Rodriguez Elementary,,,CAMPUS,Rodriguez Elementary,Y,,,Y,,,,,,,,,,,,,,,,,,,,
,EE-5,175,2022,227901,2022,Campus,TX,Austin,78744,5605 Nuckols Crossing Rd,,,,,,N,30.188397,-97.740487,,,,,,,,,,,,,,,,Work,(512) 414-2556,,,,,,,,,,,,,Widen Elementary,,,CAMPUS,Widen Elementary,Y,,,Y,,,,,,,,,,,,,,,,,,,,
,EE-5,176,2022,227901,2022,Campus,TX,Austin,78704,3800 S 2nd St,,,,,,N,30.229823,-97.772264,,,,,,,,,,,,,,,,Work,(512) 414-1756,,,,,,,,,,,,,Galindo Elementary,,,CAMPUS,Galindo Elementary,Y,,,Y,,,,,,,,,,,,,,,,,,,,
,EE-KG,177,2022,227901,2022,Campus,TX,Austin,78744,5200 Freidrich Ln,,,,,,N,30.201531,-97.755444,,,,,,,,,,,,,,,,Work,(512) 414-5520,,,,,,,,,,,,,Uphaus Early Childhood Ctr,,,CAMPUS,Uphaus Early Childhood Ctr,Y,,,Y,,,,,,,,,,,,,,,,,,,,
,EE-5,178,2022,227901,2022,Campus,TX,Austin,78724,6711 Johnny Morris Rd,,,,,,N,30.30114,-97.646591,,,,,,,,,,,,,,,,Work,(512) 414-2578,,,,,,,,,,,,,Jordan Elementary,,,CAMPUS,Jordan Elementary,Y,,,Y,,,,,,,,,,,,,,,,,,,,
,EE-5,179,2022,227901,2022,Campus,TX,Austin,78727,5214 Duval Rd,,,,,,N,30.419025,-97.741101,,,,,,,,,,,,,,,,Work,(512) 414-2580,,,,,,,,,,,,,Davis Elementary,,,CAMPUS,Davis Elementary,N,,,Y,,,,,,,,,,,,,,,,,,,,
,EE-5,180,2022,227901,2022,Campus,TX,Austin,78739,5913 La Crosse Ave ,,,,,,N,30.190994,-97.881553,,,,,,,,,,,,,,,,Work,(512) 414-2584,,,,,,,,,,,,,Kiker Elementary,,,CAMPUS,Kiker Elementary,N,,,Y,,,,,,,,,,,,,,,,,,,,
,EE-5,181,2022,227901,2022,Campus,TX,Austin,78749,6201 Davis Ln,,,,,,N,30.211525,-97.876838,,,,,,,,,,,,,,,,Work,(512) 841-2400,,,,,,,,,,,,,Mills Elementary,,,CAMPUS,Mills Elementary,N,,,Y,,,,,,,,,,,,,,,,,,,,
,EE-5,182,2022,227901,2022,Campus,TX,Austin,78748,12009 Buckingham Gate Rd,,,,,,N,30.153828,-97.851289,,,,,,,,,,,,,,,,Work,(512) 841-7100,,,,,,,,,,,,,Baranoff Elementary,,,CAMPUS,Baranoff Elementary,N,,,,,,,,,,,,,,,,,,,,,,,
,EE-5,183,2022,227901,2022,Campus,TX,Austin,78748,2817 Kentish Dr,,,,,,N,30.188166,-97.833726,,,,,,,,,,,,,,,,Work,(512) 841-2700,,,,,,,,,,,,,Cowan Elementary,,,CAMPUS,Cowan Elementary,N,,,Y,,,,,,,,,,,,,,,,,,,,
,EE-5,184,2022,227901,2022,Campus,TX,Austin,78739,7525 La Crosse Ave,,,,,,N,30.19455,-97.906524,,,,,,,,,,,,,,,,Work,(512) 841-9200,,,,,,,,,,,,,Clayton Elementary,,,CAMPUS,Clayton Elementary,N,,,N,,,,,,,,,,,,,,,,,,,,
,EE-6,185,2022,227901,2022,Campus,TX,Austin,78744,8601 Vertex Blvd,,,,,,N,30.156019,-97.751703,,,,,,,,,,,,,,,,Work,(512) 841-8800,,,,,,,,,,,,,Blazier Elementary,,,CAMPUS,Blazier Elementary,Y,,,N,,,,,,,,,,,,,,,,,,,,
,EE-5,186,2022,227901,2022,Campus,TX,Austin,78753,102 E Rundberg Ln,,,,,,N,30.361816,-97.692616,,,,,,,,,,,,,,,,Work,(512) 414-8400,,,,,,,,,,,,,Guerrero-Thompson Elem,,,CAMPUS,Guerrero-Thompson Elem,Y,,,Y,,,,,,,,,,,,,,,,,,,,
,EE-5,187,2022,227901,2022,Campus,TX,Austin,78739,12200 Meridian Park Blvd,,,,,,N,30.185102,-97.923034,,,,,,,,,,,,,,,,Work,(512) 841-8900,,,,,,,,,,,,,Baldwin Elementary,,,CAMPUS,Baldwin Elementary,N,,,Y,,,,,,,,,,,,,,,,,,,,
,EE-5,188,2022,227901,2022,Campus,TX,Austin,78758,2011 W Rundberg Ln,,,,,,N,30.373545,-97.720051,,,,,,,,,,,,,,,,Work,(512) 841-9600,,,,,,,,,,,,,Padron Elementary,,,CAMPUS,Padron Elementary,Y,,,Y,,,,,,,,,,,,,,,,,,,,
,EE-5,189,2022,227901,2022,Campus,TX,Austin,78724,7201 Colony Loop Dr,,,,,,N,30.299915,-97.637011,,,,,,,,,,,,,,,,Work,(512) 841-9300,,,,,,,,,,,,,Overton Elementary,,,CAMPUS,Overton Elementary,Y,,,Y,,,,,,,,,,,,,,,,,,,,
,EE-5,190,2022,227901,2022,Campus,TX,Austin,78744,7500 S Pleasant Valley Rd,,,,,,N,30.170478,-97.755809,,,,,,,,,,,,,,,,Work,(512) 841-9100,,,,,,,,,,,,,Perez Elementary,,,CAMPUS,Perez Elementary,Y,,,Y,,,,,,,,,,,,,,,,,,,,
,PK,194,2022,227901,2022,Campus,TX,Austin,78703,1111 W 6th St,,,,,,N,30.271793,-97.756584,,,,,,,,,,,,,,,,Work,(512) 414-4790,,,,,,,,,,,,,Austin ISD PreK Partnership PKP,,,CAMPUS,Austin ISD PreK Partnership PKP,N,,,Y,,,,,,,,,,,,,,,,,,,,
,EE-5,195,2022,227901,2022,Campus,TX,Austin,78739,12801 Escarpment Blvd,,,,,,N,,,,,,,,,,,,,,,,,,Work,(512) 414-0040,,,,,,,,,,,,,Bear Creek Elementary,,,CAMPUS,Bear Creek Elementary,N,,,Y,,,,,,,,,,,,,,,,,,,,
,PK,197,2022,227901,2022,Campus,TX,Austin,78704,1100 W Live Oak St,,,,,,N,30.247095,-97.76486,,,,,,,,,,,,,,,,Work,(512) 442-2301,,,,,,,,,,,,,Mainspring Schools,,,CAMPUS,Mainspring Schools,N,,,Y,,,,,,,,,,,,,,,,,,,,
,EE-5,198,2022,227901,2022,Campus,TX,Austin,78745,4500 Menchaca Rd,,,,,,N,30.22792799,-97.79045098,,,,,,,,,,,,,,,,Work,(512) 414-2094,,,,,,,,,,,,,Joslin Elementary,,,CAMPUS,Joslin Elementary,N,,,Y,,,,,,,,,,,,,,,,,,,,
,12,199,2022,227901,2022,Campus,TX,Austin,78757,911 W Anderson Ln,,,,,,N,30.34760799,-97.71496097,,,,,,,,,,,,,,,,Work,(512) 366-5529,,,,,,,,,,,,,Greenleaf NCC,,,CAMPUS,Greenleaf NCC,N,,,N,,,,,,,,,,,,,,,,,,,,
,EE-12,248,2022,227901,2022,Campus,TX,Austin,78703,1111 W 6th St,,,,,,N,30.271793,-97.756584,,,,,,,,,,,,,,,,Work,(512) 414-0148,,,,,,,,,,,,,Dell PHP,,,CAMPUS,Dell PHP,N,,,,,,,,,,,,,,,,,,,,,,,
,EE-12,249,2022,227901,2022,Campus,TX,Austin,78703,1111 W 6th St,,,,,,N,30.271793,-97.756584,,,,,,,,,,,,,,,,Work,(512) 414-0148,,,,,,,,,,,,,DCMC Education Center,,,CAMPUS,DCMC Education Center,N,,,,,,,,,,,,,,,,,,,,,,,
,EE-12,250,2022,227901,2022,Campus,TX,Austin,78751,4110 Guadalupe St # 51,,,,,,N,30.309865,-97.736796,,,,,,,,,,,,,,,,Work,(512) 419-2561,,,,,,,,,,,,,Austin State Hospital,,,CAMPUS,Austin State Hospital,N,,,,,,,,,,,,,,,,,,,,,,,
,EE-12,251,2022,227901,2022,Campus,TX,Austin,78756,2117 W 49th St,,,,,,N,30.319677,-97.740316,,,,,,,,,,,,,,,,Work,(512) 414-3617,,,,,,,,,,,,,Rosedale,,,CAMPUS,Rosedale,N,,,,,,,,,,,,,,,,,,,,,,,
,09-Dec,258,2022,227901,2022,Campus,TX,Austin,78752,1519 Coronado Hills Dr,,,,,,N,30.326595,-97.68728,,,,,,,,,,,,,,,,Work,(512) 414-3614,,,,,,,,,,,,,Clifton Career Development Schoo,,,CAMPUS,Clifton Career Development Schoo,N,,,N,,,,,,,,,,,,,,,,,,,,
,EE-12,393,2022,227901,2022,Campus,TX,Austin,78703,1111 W 6th St,,,,,,N,30.271793,-97.756584,,,,,,,,,,,,,,,,Work,(512) 414-1700,,,,,,,,,,,,,Early Referral Center,,,CAMPUS,Early Referral Center,N,,,N,,,,,,,,,,,,,,,,,,,,
,EE-12,394,2022,227901,2022,Campus,TX,Austin,78703,1111 W 6th St,,,,,,Y,30.271793,-97.756584,,,,,,,,,,,,,,,,Work,(512) 414-1720,,,,,,,,,,,,,Proportionate Share,,,CAMPUS,Proportionate Share,N,,,,,,,,,,,,,,,,,,,,,,,
,EE,395,2022,227901,2022,Campus,TX,Austin,78703,1111 W 6th St,,,,,,N,30.271793,-97.756584,,,,,,,,,,,,,,,,Work,(512) 414-1700,,,,,,,,,,,,,Child Care Centers,,,CAMPUS,Child Care Centers,N,,,,,,,,,,,,,,,,,,,,,,,
,08-Dec,401,2003,227901,2003,Campus,TX,Austin,78756,5600 Sunshine Dr,,,,,,Y,30.327142,-97.730022,,,,,,,,,,,,,,,,Work,(512) 414-0112,,,,,,,,,,,,,(NOT USED),,,ADMIN,(NOT USED),N,,,,,,,,,,,,,,,,,,,,,,,
,08-Dec,402,2003,227901,2003,Campus,TX,Austin,78745,5601 Menchaca Rd ,,,,,,Y,30.213188,-97.79712,,,,,,,,,,,,,,,,Work,(512) 414-0112,,,,,,,,,,,,,(NOT USED),,,ADMIN,(NOT USED),N,,,,,,,,,,,,,,,,,,,,,,,
,05-Aug,411,2022,227901,2022,Campus,TX,Austin,78745,6800 Bill Hughes Rd,,,,,,N,30.195095,-97.787326,,,,,,,,,,,,,,,,Work,(512) 414-0112,,,,,,,,,,,,,Summer Middle School,,,CAMPUS,Summer Middle School,N,,,N,,,,,,,,,,,,,,,,,,,,
,05-Dec,412,2022,227901,2022,Campus,TX,Austin,78757,8401 Hathaway Dr,,,,,,N,30.364779,-97.724999,,,,,,,,,,,,,,,,Work,(512) 414-0112,,,,,,,,,,,,,Summer Middle Schl Campuses Prgm,,,CAMPUS,Summer Middle Schl Campuses Prgm,N,,,,,,,,,,,,,,,,,,,,,,,
,05-Aug,413,2022,227901,2022,Campus,TX,Austin,78744,5106 Village Square Dr,,,,,,N,30.189253,-97.743436,,,,,,,,,,,,,,,,Work,(512) 414-0112,,,,,,,,,,,,,(NOT USED) SUMMER SCHOOL MIDDLE,,,CAMPUS,(NOT USED) SUMMER SCHOOL MIDDLE,N,,,,,,,,,,,,,,,,,,,,,,,
,07-Dec,421,2022,227901,2022,Campus,TX,Austin,78704,1211 E Oltorf St,,,,,,N,30.234663,-97.74396,,,,,,,,,,,,,,,,Work,(512) 414-0112,,,,,,,,,,,,,Summer High School,,,CAMPUS,Summer High School,N,,,N,,,,,,,,,,,,,,,,,,,,
,09-Dec,422,2022,227901,2022,Campus,TX,Austin,78759,8403 Mesa Dr,,,,,,N,30.374928,-97.752415,,,,,,,,,,,,,,,,Work,(512) 414-0112,,,,,,,,,,,,,Summer High Program,,,CAMPUS,Summer High Program,N,,,N,,,,,,,,,,,,,,,,,,,,
,PK-5,446,2022,227901,2022,Campus,TX,Austin,78745,6800 Bill Hughes Rd,,,,,,N,30.195095,-97.787326,,,,,,,,,,,,,,,,Work,(512) 414-0112,,,,,,,,,,,,,Summer Elementary School,,,CAMPUS,Summer Elementary School,N,,,,,,,,,,,,,,,,,,,,,,,
,EE-6,447,2022,227901,2022,Campus,TX,Austin,78757,8401 Hathaway Dr,,,,,,N,30.364779,-97.724999,,,,,,,,,,,,,,,,Work,(512) 414-0112,,,,,,,,,,,,,SSI Small 5th,,,CAMPUS,SSI Small 5th,N,,,,,,,,,,,,,,,,,,,,,,,
,EE-5,448,2022,227901,2022,Campus,TX,Austin,78759,8601 Tallwood Dr,,,,,,N,30.376358,-97.748581,,,,,,,,,,,,,,,,Work,(512) 414-2369,,,,,,,,,,,,,Summer Schl Hill Elem,,,CAMPUS,Summer Schl Hill Elem,N,,,,,,,,,,,,,,,,,,,,,,,
,EE-5,449,2022,227901,2022,Campus,TX,Austin,78724,6711 Johnny Morris Rd,,,,,,N,30.30114,-97.646591,,,,,,,,,,,,,,,,Work,(512) 414-2578,,,,,,,,,,,,,Summer Schl Jordan Elem,,,CAMPUS,Summer Schl Jordan Elem,N,,,,,,,,,,,,,,,,,,,,,,,
,EE-5,450,2021,227901,2021,Campus,TX,Austin,78723,3100 Rogge Ln,,,,,,N,30.30317,-97.676195,,,,,,,,,,,,,,,,Work,(512) 414-4445,,,,,,,,,,,,,(NOT USED) SUMMER SCHOOL,,,CAMPUS,(NOT USED) SUMMER SCHOOL,N,,,,,,,,,,,,,,,,,,,,,,,
,EE-5,451,2021,227901,2021,Campus,TX,Austin,78758,1412 Norseman Ter,,,,,,N,30.364811,-97.709163,,,,,,,,,,,,,,,,Work,(512) 414-2353,,,,,,,,,,,,,(NOT USED) SUMMER SCHOOL,,,CAMPUS,(NOT USED) SUMMER SCHOOL,N,,,,,,,,,,,,,,,,,,,,,,,
,EE-5,452,2010,227901,2010,Campus,TX,Austin,78745,3000 Jones Rd,,,,,,N,30.2283,-97.806465,,,,,,,,,,,,,,,,Work,(512) 414-2392,,,,,,,,,,,,,(NOT USED) SUMMER SCHOOL,,,ADMIN,(NOT USED) SUMMER SCHOOL,N,,,,,,,,,,,,,,,,,,,,,,,
,EE-5,453,2010,227901,2010,Campus,TX,Austin,78758,1412 Norseman Ter,,,,,,Y,30.364811,-97.709163,,,,,,,,,,,,,,,,Work,(512) 841-8400,,,,,,,,,,,,,(NOT USED) SUMMER SCHOOL,,,ADMIN,(NOT USED) SUMMER SCHOOL,N,,,,,,,,,,,,,,,,,,,,,,,
,EE-5,454,2022,227901,2022,Campus,TX,Austin,78744,8601 Vertex Blvd,,,,,,N,30.156019,-97.751703,,,,,,,,,,,,,,,,Work,(512) 841-8800,,,,,,,,,,,,,Summer Schl SCI Elem,,,CAMPUS,Summer Schl SCI Elem,N,,,,,,,,,,,,,,,,,,,,,,,
,EE-5,455,2022,227901,2022,Campus,TX,Austin,78744,5409 Ponciana Dr,,,,,,N,30.196908,-97.755182,,,,,,,,,,,,,,,,Work,(512) 414-2517,,,,,,,,,,,,,Summer Schl SCI Elem,,,CAMPUS,Summer Schl SCI Elem,N,,,,,,,,,,,,,,,,,,,,,,,
,EE-5,456,2022,227901,2022,Campus,TX,Austin,78758,1412 Norseman Ter,,,,,,N,30.364811,-97.709163,,,,,,,,,,,,,,,,Work,(512) 414-2353,,,,,,,,,,,,,Summer Schl SCI Elem,,,CAMPUS,Summer Schl SCI Elem,N,,,,,,,,,,,,,,,,,,,,,,,
,EE-5,457,2022,227901,2022,Campus,TX,Austin,78704,3800 S 2nd St,,,,,,N,30.229823,-97.772264,,,,,,,,,,,,,,,,Work,(512) 414-1756,,,,,,,,,,,,,Summer Schl EL Galindo Elem,,,CAMPUS,Summer Schl EL Galindo Elem,N,,,,,,,,,,,,,,,,,,,,,,,
,EE-5,458,2022,227901,2022,Campus,TX,Austin,78744,2206 Blue Meadow Dr,,,,,,N,30.182109,-97.762933,,,,,,,,,,,,,,,,Work,(512) 414-1765,,,,,,,,,,,,,Summer Schl EL Harris Elem,,,CAMPUS,Summer Schl EL Harris Elem,N,,,,,,,,,,,,,,,,,,,,,,,
,EE-5,459,2022,227901,2022,Campus,TX,Austin,78744,7500 S Pleasant Valley Rd,,,,,,N,30.170478,-97.755809,,,,,,,,,,,,,,,,Work,(512) 841-9100,,,,,,,,,,,,,Summer Schl EL Houston Elem,,,CAMPUS,Summer Schl EL Houston Elem,N,,,,,,,,,,,,,,,,,,,,,,,
,EE-5,460,2022,227901,2022,Campus,TX,Austin,78751,5005 Caswell Ave,,,,,,N,30.311267,-97.716459,,,,,,,,,,,,,,,,Work,(512) 414-4469,,,,,,,,,,,,,Summer Schl EL,,,CAMPUS,Summer Schl EL,N,,,,,,,,,,,,,,,,,,,,,,,
,EE-5,462,2022,227901,2022,Campus,TX,Austin,78753,8301 Furness Dr,,,,,,N,30.342466,-97.688007,,,,,,,,,,,,,,,,Work,(512) 841-2100,,,,,,,,,,,,,Summer Schl EL Elem,,,CAMPUS,Summer Schl EL Elem,N,,,,,,,,,,,,,,,,,,,,,,,
,EE-5,463,2022,227901,2022,Campus,TX,Austin,78757,3025 Crosscreek Dr,,,,,,N,30.368911,-97.733521,,,,,,,,,,,,,,,,Work,(512) 414-2350,,,,,,,,,,,,,Summer Schl EL Pillow Elem,,,CAMPUS,Summer Schl EL Pillow Elem,N,,,,,,,,,,,,,,,,,,,,,,,
,EE-5,464,2022,227901,2022,Campus,TX,Austin,78753,401 W Braker Ln,,,,,,N,30.379732,-97.68408,,,,,,,,,,,,,,,,Work,(512) 414-4499,,,,,,,,,,,,,Summer Schl EL Elem,,,CAMPUS,Summer Schl EL Elem,N,,,,,,,,,,,,,,,,,,,,,,,
,EE-5,465,2022,227901,2022,Campus,TX,Austin,78745,3000 Jones Rd,,,,,,N,30.2283,-97.806465,,,,,,,,,,,,,,,,Work,(512) 414-2392,,,,,,,,,,,,,Summer Schl EL Sunset Valley Elm,,,CAMPUS,Summer Schl EL Sunset Valley Elm,N,,,,,,,,,,,,,,,,,,,,,,,
,EE-12,468,2022,227901,2022,Campus,TX,Austin,78756,2117 W 49th St,,,,,,N,30.319677,-97.740316,,,,,,,,,,,,,,,,Work,(512) 414-3617,,,,,,,,,,,,,Summer Schl ESY Rosedale,,,CAMPUS,Summer Schl ESY Rosedale,N,,,,,,,,,,,,,,,,,,,,,,,
,EE-12,469,2022,227901,2022,Campus,TX,Austin,78704,400 W Live Oak St,,,,,,N,30.243887,-97.755814,,,,,,,,,,,,,,,,Work,(512) 440-0613,,,,,,,,,,,,,Summer Schl ALT,,,CAMPUS,Summer Schl ALT,N,,,N,,,,,,,,,,,,,,,,,,,,
,06-Dec,470,2022,227901,2022,Campus,TX,Austin,78744,5605 Nuckols Crossing Rd,,,,,,N,30.188397,-97.740487,,,,,,,,,,,,,,,,Work,(512) 841-6700,,,,,,,,,,,,,Summer Alternative Campus,,,CAMPUS,Summer Alternative Campus,N,,,N,,,,,,,,,,,,,,,,,,,,
,06-Aug,471,2022,227901,2022,Campus,TX,Austin,78724,7414 Johnny Morris Rd,,,,,,N,30.310717,-97.643562,,,,,,,,,,,,,,,,Work,(512) 841-6700,,,,,,,,,,,,,Ignite Garcia YMLA,,,CAMPUS,Ignite Garcia YMLA,N,,,N,,,,,,,,,,,,,,,,,,,,
,06-Aug,472,2022,227901,2022,Campus,TX,Austin,78702,1607 Pennsylvania Ave,,,,,,N,30.270937,-97.721778,,,,,,,,,,,,,,,,Work,(512) 841-6700,,,,,,,,,,,,,Ignite Kealing Middle School,,,CAMPUS,Ignite Kealing Middle School,N,,,N,,,,,,,,,,,,,,,,,,,,
,06-Aug,473,2022,227901,2022,Campus,TX,Austin,78757,6201 Wynona Ave,,,,,,N,30.337408,-97.740517,,,,,,,,,,,,,,,,Work,(512) 841-6700,,,,,,,,,,,,,Ignite Lamar Middle School,,,CAMPUS,Ignite Lamar Middle School,N,,,N,,,,,,,,,,,,,,,,,,,,
,06-Aug,474,2022,227901,2022,Campus,TX,Austin,78749,4801 Monterey Oaks Blvd,,,,,,N,30.233029,-97.840972,,,,,,,,,,,,,,,,Work,(512) 841-6700,,,,,,,,,,,,,Ignite Small Middle School,,,CAMPUS,Ignite Small Middle School,N,,,N,,,,,,,,,,,,,,,,,,,,
,06-Aug,475,2022,227901,2022,Campus,TX,Austin,78757,8401 Hathaway Dr,,,,,,N,30.364779,-97.724999,,,,,,,,,,,,,,,,Work,(512) 414-3225,,,,,,,,,,,,,Ignite Burnet Middle School,,,CAMPUS,Ignite Burnet Middle School,N,,,N,,,,,,,,,,,,,,,,,,,,
,06-Aug,476,2022,227901,2022,Campus,TX,Austin,78702,1601 Haskell St,,,,,,N,30.252694,-97.730149,,,,,,,,,,,,,,,,Work,(512) 414-3243,,,,,,,,,,,,,Twilight Martin Middle School,,,CAMPUS,Twilight Martin Middle School,N,,,N,,,,,,,,,,,,,,,,,,,,
,06-Aug,477,2022,227901,2022,Campus,TX,Austin,78745,6800 Bill Hughes Rd,,,,,,N,30.195095,-97.787326,,,,,,,,,,,,,,,,Work,(512) 414-3265,,,,,,,,,,,,,Ignite Bedichek Middle School,,,CAMPUS,Ignite Bedichek Middle School,N,,,N,,,,,,,,,,,,,,,,,,,,
,06-Aug,478,2022,227901,2022,Campus,TX,Austin,78744,5106 Village Square Dr,,,,,,N,30.189253,-97.743436,,,,,,,,,,,,,,,,Work,(512) 414-3284,,,,,,,,,,,,,Ignite Mendez Middle School,,,CAMPUS,Ignite Mendez Middle School,N,,,N,,,,,,,,,,,,,,,,,,,,
,06-Aug,479,2022,227901,2022,Campus,TX,Austin,78748,10100 S Mary Moore Searight Dr,,,,,,Y,30.173941,-97.807542,,,,,,,,,,,,,,,,Work,(512) 841-6800,,,,,,,,,,,,,Ignite Paredes Middle School,,,CAMPUS,Ignite Paredes Middle School,N,,,N,,,,,,,,,,,,,,,,,,,,
,06-Dec,480,2022,227901,2022,Campus,TX,Austin,78748,10701 S 1st St,,,,,,N,30.148789,-97.800975,,,,,,,,,,,,,,,,Work,(512) 414-0112,,,,,,,,,,,,,Twilight Akins High School,,,CAMPUS,Twilight Akins High School,N,,,N,,,,,,,,,,,,,,,,,,,,
,06-Dec,481,2022,227901,2022,Campus,TX,Austin,78702,901 Neal St,,,,,,N,30.269331,-97.709045,,,,,,,,,,,,,,,,Work,(512) 414-0112,,,,,,,,,,,,,Twilight Fulmore Middle School,,,CAMPUS,Twilight Fulmore Middle School,N,,,N,,,,,,,,,,,,,,,,,,,,
,06-Dec,482,2022,227901,2022,Campus,TX,Austin,78759,8403 Mesa Dr,,,,,,N,30.374928,-97.752415,,,,,,,,,,,,,,,,Work,(512) 414-0112,,,,,,,,,,,,,Twilight Anderson High School,,,CAMPUS,Twilight Anderson High School,N,,,N,,,,,,,,,,,,,,,,,,,,
,06-Dec,483,2022,227901,2022,Campus,TX,Austin,78703,1715 W Cesar Chavez St,,,,,,N,30.272551,-97.766925,,,,,,,,,,,,,,,,Work,(512) 414-0112,,,,,,,,,,,,,Twilight Austin High School,,,CAMPUS,Twilight Austin High School,N,,,N,,,,,,,,,,,,,,,,,,,,
,09-Dec,485,2022,227901,2022,Campus,TX,Austin,78745,5601 Menchaca Rd ,,,,,,N,30.213188,-97.79712,,,,,,,,,,,,,,,,Work,(512) 414-0112,,,,,,,,,,,,,Twilight Crockett High School,,,CAMPUS,Twilight Crockett High School,N,,,N,,,,,,,,,,,,,,,,,,,,
,06-Dec,486,2022,227901,2022,Campus,TX,Austin,78721,1012 Arthur Stiles Rd,,,,,,N,30.259249,-97.680739,,,,,,,,,,,,,,,,Work,(512) 414-0112,,,,,,,,,,,,,Jumpstart Eastside Memorial HS,,,CAMPUS,Jumpstart Eastside Memorial HS,N,,,N,,,,,,,,,,,,,,,,,,,,
,06-Dec,487,2022,227901,2022,Campus,TX,Austin,78721,1012 Arthur Stiles Rd,,,,,,N,30.259249,-97.680739,,,,,,,,,,,,,,,,Work,(512) 414-0112,,,,,,,,,,,,,Jumpstart International High Schl,,,CAMPUS,Jumpstart International High Schl,N,,,N,,,,,,,,,,,,,,,,,,,,
,06-Dec,489,2022,227901,2022,Campus,TX,Austin,78724,7309 Lazy Creek Dr,,,,,,N,30.3124,-97.655811,,,,,,,,,,,,,,,,Work,(512) 414-0112,,,,,,,,,,,,,Jumpstart LBJ High School,,,CAMPUS,Jumpstart LBJ High School,N,,,N,,,,,,,,,,,,,,,,,,,,
,06-Dec,490,2022,227901,2022,Campus,TX,Austin,78758,1201 Payton Gin Rd,,,,,,N,30.359683,-97.70739,,,,,,,,,,,,,,,,Work,(512) 414-0112,,,,,,,,,,,,,Jumpstart Lanier High School,,,CAMPUS,Jumpstart Lanier High School,N,,,N,,,,,,,,,,,,,,,,,,,,
,06-Dec,491,2022,227901,2022,Campus,TX,Austin,78756,5600 Sunshine Dr,,,,,,N,30.327142,-97.730022,,,,,,,,,,,,,,,,Work,(512) 414-0112,,,,,,,,,,,,,Twilight McCallum High School,,,CAMPUS,Twilight McCallum High School,N,,,N,,,,,,,,,,,,,,,,,,,,
,06-Dec,492,2022,227901,2022,Campus,TX,Austin,78752,7104 Berkman Dr,,,,,,N,30.323644,-97.68963,,,,,,,,,,,,,,,,Work,(512) 414-0112,,,,,,,,,,,,,Twilight Reagan High School,,,CAMPUS,Twilight Reagan High School,N,,,N,,,,,,,,,,,,,,,,,,,,
,06-Dec,494,2022,227901,2022,Campus,TX,Austin,78704,1211 E Oltorf St,,,,,,N,30.234663,-97.74396,,,,,,,,,,,,,,,,Work,(512) 414-0112,,,,,,,,,,,,,Jumpstart Travis High School,,,CAMPUS,Jumpstart Travis High School,N,,,N,,,,,,,,,,,,,,,,,,,,
,06-Aug,495,2022,227901,2022,Campus,TX,Austin,78749,3700 Convict Hill Rd,,,,,,N,30.213128,-97.834595,,,,,,,,,,,,,,,,Work,(512) 414-3276,,,,,,,,,,,,,Ignite Covington Middle School,,,CAMPUS,Ignite Covington Middle School,N,,,N,,,,,,,,,,,,,,,,,,,,
,06-Aug,496,2022,227901,2022,Campus,TX,Austin,78739,4020 Lost Oasis Holw,,,,,,N,30.164987,-97.872164,,,,,,,,,,,,,,,,Work,(512) 414-4990,,,,,,,,,,,,,Twilight Bailey Middle School,,,CAMPUS,Twilight Bailey Middle School,N,,,N,,,,,,,,,,,,,,,,,,,,
